{
    "KPackageStructure": "Plasma/Applet",
    "KPlugin": {
        "Authors": [
            {
                "Email": "archishaupadhyaya10d@gmail.com",
                "Name": "Archisha Up",
                "Name[ar]": "أرشيشا أب",
                "Name[ast]": "Archisha Up",
                "Name[az]": "Archisha Up",
                "Name[be]": "Archisha Up",
                "Name[bg]": "Archisha Up",
                "Name[ca@valencia]": "Archisha Up",
                "Name[ca]": "Archisha Up",
                "Name[cs]": "Archisha Up",
                "Name[da]": "Archisha Up",
                "Name[de]": "Archisha Up",
                "Name[el]": "Archisha Up",
                "Name[en_GB]": "Archisha Up",
                "Name[eo]": "Archisha Up",
                "Name[es]": "Archisha Up",
                "Name[et]": "Archisha Up",
                "Name[eu]": "Archisha Up",
                "Name[fi]": "Archisha Up",
                "Name[fr]": "Archisha Up",
                "Name[gl]": "Archisha Up",
                "Name[he]": "Archisha Up",
                "Name[hi]": "Archisha Up",
                "Name[hu]": "Archisha Up",
                "Name[ia]": "Archisha Up",
                "Name[id]": "Archisha Up",
                "Name[is]": "Archisha Up",
                "Name[it]": "Archisha Up",
                "Name[ja]": "Archisha Up",
                "Name[ka]": "Archisha Up",
                "Name[ko]": "Archisha Up",
                "Name[lt]": "Archisha Up",
                "Name[lv]": "Archisha Up",
                "Name[nb]": "Archisha Up",
                "Name[nl]": "Archisha Up",
                "Name[nn]": "Archisha Up",
                "Name[pa]": "Archisha Up",
                "Name[pl]": "Archisha Up",
                "Name[pt]": "Archisha Up",
                "Name[pt_BR]": "Archisha Up",
                "Name[ro]": "Archisha Up",
                "Name[ru]": "Archisha Up",
                "Name[sa]": "Archisha Up",
                "Name[sk]": "Archisha Up",
                "Name[sl]": "Archisha Up",
                "Name[sv]": "Archisha Up",
                "Name[ta]": "Archisha Up",
                "Name[tr]": "Archisha Up",
                "Name[uk]": "Archisha Up",
                "Name[vi]": "Archisha Up",
                "Name[zh_CN]": "Archisha Up",
                "Name[zh_TW]": "Archisha Up"
            }
        ],
        "BugReportUrl": "https://github.com/Archisha-Upadhyaya/plasma-clock-calendar/issues",
        "Category": "Date and Time",
        "Description": "A clock with hands",
        "Description[ar]": "ساعة بِعقارب",
        "Description[ast]": "Un reló con aguyes",
        "Description[az]": "Əqrəbli saat",
        "Description[be]": "Гадзіннік са стрэлкамі",
        "Description[bg]": "Часовник със стрелки",
        "Description[ca@valencia]": "Un rellotge amb manetes",
        "Description[ca]": "Un rellotge amb manetes",
        "Description[cs]": "Ručičkové hodiny",
        "Description[da]": "Et ur med visere",
        "Description[de]": "Eine Uhr mit Zeigern",
        "Description[el]": "Ένα ρολόι με δείκτες",
        "Description[en_GB]": "A clock with hands",
        "Description[eo]": "Horloĝo kun manoj",
        "Description[es]": "Un reloj con manecillas",
        "Description[et]": "Seieritega kell",
        "Description[eu]": "Erloju orraztuna",
        "Description[fi]": "Viisarikello",
        "Description[fr]": "Une horloge avec des mains",
        "Description[gl]": "Un reloxo con agullas.",
        "Description[he]": "שעון עם מחוגים",
        "Description[hi]": "सुई वाली घडी",
        "Description[hu]": "Óra mutatókkal",
        "Description[ia]": "Un horologio con manos",
        "Description[id]": "Sebuah jam tangan",
        "Description[is]": "Klukka með vísum",
        "Description[it]": "Un orologio con lancette",
        "Description[ja]": "針のある時計",
        "Description[ka]": "ისრებიანი საათი",
        "Description[ko]": "시침과 분침이 있는 시계",
        "Description[lt]": "Laikrodis su rodyklėmis",
        "Description[lv]": "Rādītāju pulkstenis",
        "Description[nb]": "En klokke med visere",
        "Description[nl]": "Een klok met wijzers",
        "Description[nn]": "Ei klokke med visarar",
        "Description[pa]": "ਸੂਈਆਂ ਵਾਲੀ ਘੜੀ",
        "Description[pl]": "Zegar ze wskazówkami",
        "Description[pt]": "Um relógio com ponteiros",
        "Description[pt_BR]": "Um relógio com ponteiros",
        "Description[ro]": "Ceas cu săgeți",
        "Description[ru]": "Часы со стрелками",
        "Description[sa]": "हस्तयुक्तं घटिका",
        "Description[sk]": "Ručičkové hodiny",
        "Description[sl]": "Ura s kazalci",
        "Description[sv]": "En klocka med visare",
        "Description[ta]": "முட்களை கொண்ட கடிகாரம்",
        "Description[tr]": "İbreli bir saat",
        "Description[uk]": "Годинник зі стрілками",
        "Description[vi]": "Một đồng hồ với các kim",
        "Description[zh_CN]": "带指针的时钟",
        "Description[zh_TW]": "有指針的時鐘",
        "EnabledByDefault": true,
        "FormFactors": [
            "tablet",
            "handset",
            "desktop"
        ],
        "Icon": "preferences-system-time",
        "Id": "com.github.archisha-upadhyaya.plasma-clock-calendar",
        "License": "GPL-2.0+",
        "Name": "Clock+Calendar (Custom)",
        "Name[af]": "Analooghorlosie",
        "Name[ar]": "ساعة تناظرية",
        "Name[ast]": "Reló analóxicu",
        "Name[az]": "Əqrəbli saat",
        "Name[be@latin]": "Analahavy hadzińnik",
        "Name[be]": "Аналагавы гадзіннік",
        "Name[bg]": "Аналогов часовник",
        "Name[bn]": "অ্যানালগ ঘড়ি",
        "Name[bs]": "Analogni sat",
        "Name[ca@valencia]": "Rellotge analògic",
        "Name[ca]": "Rellotge analògic",
        "Name[cs]": "Analogové hodiny",
        "Name[csb]": "Analogòwi zédżer",
        "Name[da]": "Analogt ur",
        "Name[de]": "Analoge Uhr",
        "Name[el]": "Αναλογικό ρολόι",
        "Name[en_GB]": "Analogue Clock",
        "Name[eo]": "Analoga horloĝo",
        "Name[es]": "Reloj analógico",
        "Name[et]": "Analoogkell",
        "Name[eu]": "Erloju analogikoa",
        "Name[fa]": "ساعت قیاسی",
        "Name[fi]": "Analoginen kello",
        "Name[fr]": "Horloge analogique",
        "Name[fy]": "Analoge klok",
        "Name[ga]": "Clog Analógach",
        "Name[gl]": "Reloxo analóxico",
        "Name[gu]": "સાદી ઘડિયાળ",
        "Name[he]": "שעון מחוגים",
        "Name[hi]": "एनॉलॉग घड़ी",
        "Name[hne]": "एनालाग घड़ी",
        "Name[hr]": "Analogni sat",
        "Name[hsb]": "Analogny časnik",
        "Name[hu]": "Mutatós óra",
        "Name[ia]": "Horologio analogic",
        "Name[id]": "Jam Analog",
        "Name[is]": "Skífuklukka",
        "Name[it]": "Orologio analogico",
        "Name[ja]": "アナログ時計",
        "Name[ka]": "ანალოგური საათი",
        "Name[kk]": "Аналогты сағат",
        "Name[km]": "នាឡិកា​អាណាឡូក",
        "Name[kn]": "ಅವಿಚ್ಛಿನ್ನಾತ್ಮಕ (ಅನಲಾಗ್, ಸಾಂಪ್ರದಾಯಿಕ) ಗಡಿಯಾರ",
        "Name[ko]": "아날로그 시계",
        "Name[ku]": "Demjimêra Analog",
        "Name[lt]": "Analoginis laikrodis",
        "Name[lv]": "Rādītāju pulkstenis",
        "Name[mai]": "एनालाग घडी",
        "Name[mk]": "Аналоген часовник",
        "Name[ml]": "അനലോഗ് ഘടികാരം",
        "Name[mr]": "एनॉलॉग घड्याळ",
        "Name[nb]": "Analog klokke",
        "Name[nds]": "Analoog Klock",
        "Name[ne]": "एनालग घडी",
        "Name[nl]": "Analoge klok",
        "Name[nn]": "Analog klokke",
        "Name[oc]": "Relòtge analogic",
        "Name[pa]": "ਐਨਾਲਾਗ ਘੜੀ",
        "Name[pl]": "Zegar analogowy",
        "Name[pt]": "Relógio Analógico",
        "Name[pt_BR]": "Relógio analógico",
        "Name[ro]": "Ceas analog",
        "Name[ru]": "Часы с циферблатом",
        "Name[sa]": "सम्मितीय घड़ी",
        "Name[se]": "Analogalaš diibmu",
        "Name[si]": "ප්‍රතිසම ඔරලෝසුව",
        "Name[sk]": "Analógové hodiny",
        "Name[sl]": "Analogna ura",
        "Name[sr@ijekavian]": "аналогни сат",
        "Name[sr@ijekavianlatin]": "analogni sat",
        "Name[sr@latin]": "analogni sat",
        "Name[sr]": "аналогни сат",
        "Name[sv]": "Analog klocka",
        "Name[ta]": "சுழல் கடிகாரம்",
        "Name[te]": "ఎనలాగ్ గడియారం",
        "Name[tg]": "Соати аналогӣ",
        "Name[th]": "นาฬิกาแอนะล็อก",
        "Name[tok]": "ilo sike tenpo",
        "Name[tr]": "Analog Saat",
        "Name[ug]": "ئانالوگ سائەت",
        "Name[uk]": "Аналоговий годинник",
        "Name[uz@cyrillic]": "Аналог соат",
        "Name[uz]": "Analog soat",
        "Name[vi]": "Đồng hồ kim",
        "Name[wa]": "Ôrlodje analodjike",
        "Name[zh_CN]": "模拟时钟",
        "Name[zh_TW]": "類比時鐘",
        "Website": "https://github.com/Archisha-Upadhyaya/plasma-clock-calendar"
    },
    "X-Plasma-API-Minimum-Version": "6.0",
    "X-Plasma-Provides": [
        "org.kde.plasma.time",
        "org.kde.plasma.date"
    ]
}
