<?xml version="1.0" encoding="UTF-8"?>
<kcfg xmlns="http://www.kde.org/standards/kcfg/1.0"
      xmlns:xsi="http://www.w3.org/2001/XMLSchema-instance"
      xsi:schemaLocation="http://www.kde.org/standards/kcfg/1.0
      http://www.kde.org/standards/kcfg/1.0/kcfg.xsd" >
  <kcfgfile name=""/>

  <group name="Appearance">
    <entry name="showLocalTimezone" type="Bool">
      <label>Whether the time zone should be displayed when the clock is showing the local time zone.</label>
      <default>false</default>
    </entry>
    <entry name="showSeconds" type="Enum">
      <label>How seconds should be shown in the clock.</label>
      <choices>
        <choice name="Never" />
        <choice name="ToolTip" />
        <choice name="Always" />
      </choices>
      <default>1</default>
    </entry>
    <entry name="showDate" type="Bool">
      <label>Whether the date should be shown next to the clock.</label>
      <default>true</default>
    </entry>
    <entry name="dateFormat" type="string">
      <label>The date format to display. Options are: shortDate, longDate, isoDate or custom.</label>
      <default>shortDate</default>
    </entry>
    <entry name="customDateFormat" type="string">
      <label>Custom date format string.</label>
      <default>ddd d</default>
    </entry>
    <entry name="autoFontAndSize" type="Bool">
      <label>Use Plasma default font and automatically determine font size.</label>
      <default>true</default>
    </entry>
    <entry name="fontFamily" type="string">
      <label>Font family. e.g "arial". The system font is used if this is not set.</label>
      <default></default>
    </entry>
    <entry name="boldText" type="Bool">
      <label>Sets the font to bold.</label>
      <default>false</default>
    </entry>
    <entry name="italicText" type="Bool">
      <label>Sets the font to italic.</label>
      <default>false</default>
    </entry>
    <entry name="fontWeight" type="Int">
      <label>Sets font weight.</label>
      <default>50</default>
    </entry>
    <entry name="fontStyleName" type="string">
      <label>Sets font style </label>
      <default></default>
    </entry>
    <entry name="fontSize" type="Int">
      <label>Sets font size.</label>
      <default>10</default>
    </entry>
    <entry name="timeFormat" type="string">
      <default>default</default>
    </entry>
    <entry name="selectedTimeZones" type="StringList">
      <label>A list of the configured time zones. Format is "Europe/London". Special entry "Local" indicates system time zone.</label>
      <default>Local</default>
    </entry>
    <entry name="lastSelectedTimezone" type="String">
      <label>When multiple time zones are configured, this is the one shown on widget restore. Typically the system's current time zone.</label>
      <default>Local</default>
    </entry>
    <entry name="wheelChangesTimezone" type="Bool">
      <label>Whether the mouse wheel switches between the time zones configured in selectedTimeZones.</label>
      <default>false</default>
    </entry>
    <entry name="displayTimezoneFormat" type="Enum">
      <label>Whether the time zone is displayed as a code i.e. "GMT", full text i.e. "London" or UTC offset "+1".</label>
      <choices name="Settings::displayTimezoneFormat">
        <choice name="Code" />
        <choice name="FullText" />
        <choice name="UTCOffset" />
      </choices>
      <default>0</default>
    </entry>
    <entry name="showWeekNumbers" type="Bool">
      <label>Whether the calendar should show week numbers.</label>
      <default>false</default>
    </entry>
    <entry name="use24hFormat" type="UInt">
      <label>Force the clock to use 12/24 hour time, instead of following the user locale.</label>
      <default>1</default>
    </entry>
    <entry name="firstDayOfWeek" type="Int">
      <label>Force the calendar to use a specific week day as first day of a week. -1 means follow user locale, 0 is Sunday, 1 is Monday, etc.</label>
      <default>-1</default>
    </entry>
    <entry name="enabledCalendarPlugins" type="StringList">
      <label>A list of plugins where additional calendar event data can be sourced.</label>
      <default></default>
    </entry>
    <entry name="pin" type="Bool">
      <label>Whether the popup should remain open when another window is activated</label>
      <default>false</default>
    </entry>
    <entry name="dateDisplayFormat" type="Enum">
      <label>Whether the date should be shown below or beside the time</label>
      <choices name="Settings::dateDisplayFormat">
        <choice name="Adaptive" />
        <choice name="BesideTime" />
        <choice name="BelowTime" />
      </choices>
      <default>0</default>
    </entry>
  </group>
</kcfg>